Workbook

Sheet START_HERE
A1: Excel Practical Training — Descriptive Statistics
A3: Recommended teaching sequence
A4: 1 | B4: Create/enter data | C4: Use one row = one participant/observation; one column = one variable.
A5: 2 | B5: Define variables | C5: Use the Data_Dictionary sheet. Decide variable name, type, unit, coding, and role.
A6: 3 | B6: Check the data | C6: Look for blanks, duplicates, impossible values, inconsistent labels, and outliers.
A7: 4 | B7: Filter / narrow the data | C7: Use the filter arrows in Clean_Data or create a subset such as Female students, Year 4, etc.
A8: 5 | B8: Choose the graph | C8: Categorical → Bar/Pie. Numeric → Histogram/Box-style summary/Scatter. Two numeric variables → Scatter.
A9: 6 | B9: Run descriptive statistics | C9: Mean, Median, Mode, Range, Quartiles, IQR, Variance, Standard Deviation.
A10: 7 | B10: Interpret | C10: Do not report numbers without units or context. Explain what the result means.
A11: 8 | B11: Apply the lecture | C11: Use the same dataset to demonstrate Central Tendency, Position, and Dispersion.
A14: What students will practice
A15: • Excel basics: workbook, worksheet, rows, columns, cells, formulas, tables, filters.
A16: • Variable identification: ID, categorical, ordinal, continuous/numeric.
A17: • Data cleaning and narrowing: Sort, Filter, Remove Duplicates, blanks, validation.
A18: • Graphs: Column/Bar, Pie, Histogram, Scatter.
A19: • Descriptive statistics: Mean, Median, Mode, Range, Quartiles, IQR, Variance, SD.
A20: • Sample vs Population formulas.
A21: • A complete mini-analysis using the same dataset.

Sheet Data_Dictionary
A1: Data Dictionary — Define Variables Before Analysis
A2: Variable | B2: Meaning | C2: Type | D2: Measurement / Unit | E2: Coding | F2: Role | G2: Allowed / Expected | H2: Notes
A3: Student_ID | B3: Unique participant identifier | C3: ID | D3: Number | E3: 1–50 | F3: Identifier | G3: Unique | H3: Do not analyze as a numeric measurement.
A4: Gender | B4: Student gender category | C4: Categorical | D4: Nominal | E4: Male/Female | F4: Grouping | G4: Male, Female | H4: Use counts/percentages.
A5: Year | B5: Academic year | C5: Ordinal | D5: Year | E5: 1–6 | F5: Grouping | G5: 1,2,3,4,5,6 | H5: Ordered categories.
A6: Age | B6: Age of student | C6: Numeric | D6: Years | E6: 18–25 | F6: Numeric | G6: 18–25 | H6: Continuous/quantitative for this exercise.
A7: Study_Hours | B7: Study hours per week | C7: Numeric | D7: Hours/week | E7: Number | F7: Numeric | G7: Positive values | H7: Contains one missing value for cleaning practice.
A8: Sleep_Hours | B8: Average sleep per night | C8: Numeric | D8: Hours/night | E8: Number | F8: Numeric | G8: 4–10 | H8: Numeric variable.
A9: GPA | B9: Grade point average | C9: Numeric | D9: 0–5 scale | E9: Number | F9: Numeric | G9: 2–5 | H9: Bounded numeric scale.
A10: SBP | B10: Systolic blood pressure | C10: Numeric | D10: mmHg | E10: Number | F10: Numeric | G10: 90–150 in this teaching dataset | H10: Synthetic data for classroom practice.
A11: Satisfaction | B11: Overall satisfaction score | C11: Ordinal | D11: 1–5 | E11: 1=low … 5=high | F11: Ordinal | G11: 1,2,3,4,5 | H11: Can be summarized with frequencies/median; mean may be shown as a classroom exercise.
A12: Attendance | B12: Attendance percentage | C12: Numeric | D12: % | E12: Number | F12: Numeric | G12: 60–100 | H12: Numeric percentage.

Sheet Raw_Data
A1: Raw Data — Original Classroom Dataset
A2: Student_ID | B2: Gender | C2: Year | D2: Age | E2: Study_Hours | F2: Sleep_Hours | G2: GPA | H2: SBP | I2: Satisfaction | J2: Attendance | L2: Teaching note
A3: 1 | B3: Male | C3: 3 | D3: 23 | E3: 17.5 | F3: 6.6 | G3: 4.99 | H3: 111 | I3: 5 | J3: 82 | L3: This is synthetic data created for classroom practice. It is not real patient/student data.
A4: 2 | B4: Female | C4: 5 | D4: 24 | E4: 9.1 | F4: 7.1 | G4: 4.6 | H4: 135 | I4: 4 | J4: 97.4
A5: 3 | B5: Male | C5: 6 | D5: 25 | E5: 10.8 | F5: 6.4 | G5: 3.68 | H5: 150 | I5: 3 | J5: 98.8
A6: 4 | B6: Male | C6: 6 | D6: 25 | E6: 2 | F6: 8.1 | G6: 4.13 | H6: 116 | I6: 5 | J6: 92.3 | L6: Important: Do not change the Raw_Data sheet when teaching data cleaning. Make a copy or work in Clean_Data.
A7: 5 | B7: Female | C7: 1 | D7: 20 | E7: 9.3 | F7: 7.8 | G7: 3.01 | H7: 127 | I7: 4 | J7: 93.7
A8: 6 | B8: Female | C8: 4 | D8: 24 | E8: 8.9 | F8: 6.9 | G8: 4.38 | H8: 130 | I8: 5 | J8: 83.9
A9: 7 | B9: Male | C9: 5 | D9: 23 | E9: 12.7 | F9: 5.2 | G9: 4.47 | H9: 115 | I9: 1 | J9: 86.3
A10: 8 | B10: Male | C10: 4 | D10: 22 | F10: 7.3 | G10: 3.43 | H10: 113 | I10: 5 | J10: 76.6
A11: 9 | B11: Female | C11: 5 | D11: 24 | E11: 10.3 | F11: 6.2 | G11: 3.94 | H11: 105 | I11: 4 | J11: 90.7
A12: 10 | B12: Male | C12: 3 | D12: 22 | E12: 8.2 | F12: 7.6 | G12: 3.72 | H12: 141 | I12: 5 | J12: 74.3
A13: 11 | B13: Female | C13: 3 | D13: 21 | E13: 11.7 | F13: 8.2 | G13: 2.49 | H13: 116 | I13: 4 | J13: 71.7
A14: 12 | B14: Female | C14: 3 | D14: 22 | E14: 8.9 | F14: 7.4 | G14: 3.55 | H14: 110 | I14: 5 | J14: 75
A15: 13 | B15: Female | C15: 4 | D15: 22 | E15: 19.5 | F15: 6.6 | G15: 3.47 | H15: 119 | I15: 3 | J15: 94.3
A16: 14 | B16: Male | C16: 6 | D16: 25 | E16: 9.8 | F16: 8.4 | G16: 4.85 | H16: 129 | I16: 5 | J16: 92.8
A17: 15 | B17: Male | C17: 5 | D17: 23 | E17: 12.1 | F17: 8.4 | G17: 3.72 | H17: 90 | I17: 3 | J17: 91.9
A18: 16 | B18: Female | C18: 6 | D18: 24 | E18: 14.9 | F18: 5.9 | G18: 3.49 | H18: 129 | I18: 5 | J18: 95.9
A19: 17 | B19: Female | C19: 1 | D19: 20 | E19: 7.4 | F19: 5 | G19: 4 | H19: 92 | I19: 3 | J19: 80
A20: 18 | B20: Male | C20: 5 | D20: 23 | E20: 11.8 | F20: 5.2 | G20: 4.85 | H20: 114 | I20: 3 | J20: 90
A21: 19 | B21: Female | C21: 1 | D21: 19 | E21: 8.4 | F21: 6.9 | G21: 3.51 | H21: 128 | I21: 1 | J21: 79
A22: 20 | B22: Male | C22: 2 | D22: 22 | E22: 12.1 | F22: 5.9 | G22: 3.61 | H22: 110 | I22: 1 | J22: 97.2
... A52: 50 | B52: Male | C52: 5 | D52: 25 | E52: 14.1 | F52: 7 | G52: 4.01 | H52: 115 | I52: 1 | J52: 91.4

Sheet Clean_Data
A1: Clean Data + Filtering Practice
A2: Student_ID | B2: Gender | C2: Year | D2: Age | E2: Study_Hours | F2: Sleep_Hours | G2: GPA | H2: SBP | I2: Satisfaction | J2: Attendance
A3: 1 | B3: Male | C3: 3 | D3: 23 | E3: 17.5 | F3: 6.6 | G3: 4.99 | H3: 111 | I3: 5 | J3: 82 | L3: How to narrow/filter the data
A4: 2 | B4: Female | C4: 5 | D4: 24 | E4: 9.1 | F4: 7.1 | G4: 4.6 | H4: 135 | I4: 4 | J4: 97.4 | L4: 1. Click the filter arrow in any column.
A5: 3 | B5: Male | C5: 6 | D5: 25 | E5: 10.8 | F5: 6.4 | G5: 3.68 | H5: 150 | I5: 3 | J5: 98.8 | L5: 2. Select only the category you need (e.g., Female).
A6: 4 | B6: Male | C6: 6 | D6: 25 | E6: 2 | F6: 8.1 | G6: 4.13 | H6: 116 | I6: 5 | J6: 92.3 | L6: 3. For numeric variables use Number Filters: Greater Than, Less Than, Between.
A7: 5 | B7: Female | C7: 1 | D7: 20 | E7: 9.3 | F7: 7.8 | G7: 3.01 | H7: 127 | I7: 4 | J7: 93.7 | L7: 4. Use multiple filters together (e.g., Female + Year 4 + GPA > 3.5).
A8: 6 | B8: Female | C8: 4 | D8: 24 | E8: 8.9 | F8: 6.9 | G8: 4.38 | H8: 130 | I8: 5 | J8: 83.9 | L8: 5. To return to the full dataset: Data → Clear or clear the selected filter.
A9: 7 | B9: Male | C9: 5 | D9: 23 | E9: 12.7 | F9: 5.2 | G9: 4.47 | H9: 115 | I9: 1 | J9: 86.3 | L9: 6. Do not delete the original rows just to answer one question; filter a copy/view when possible.
A10: 8 | B10: Male | C10: 4 | D10: 22 | F10: 7.3 | G10: 3.43 | H10: 113 | I10: 5 | J10: 76.6
A11: 9 | B11: Female | C11: 5 | D11: 24 | E11: 10.3 | F11: 6.2 | G11: 3.94 | H11: 105 | I11: 4 | J11: 90.7
A12: 10 | B12: Male | C12: 3 | D12: 22 | E12: 8.2 | F12: 7.6 | G12: 3.72 | H12: 141 | I12: 5 | J12: 74.3 | L12: Suggested student exercises
A13: 11 | B13: Female | C13: 3 | D13: 21 | E13: 11.7 | F13: 8.2 | G13: 2.49 | H13: 116 | I13: 4 | J13: 71.7 | L13: Exercise 1: Filter Gender = Female.
A14: 12 | B14: Female | C14: 3 | D14: 22 | E14: 8.9 | F14: 7.4 | G14: 3.55 | H14: 110 | I14: 5 | J14: 75 | L14: Exercise 2: Filter Year = 4.
A15: 13 | B15: Female | C15: 4 | D15: 22 | E15: 19.5 | F15: 6.6 | G15: 3.47 | H15: 119 | I15: 3 | J15: 94.3 | L15: Exercise 3: Filter GPA > 3.5.
A16: 14 | B16: Male | C16: 6 | D16: 25 | E16: 9.8 | F16: 8.4 | G16: 4.85 | H16: 129 | I16: 5 | J16: 92.8 | L16: Exercise 4: Filter Study_Hours between 10 and 20.
A17: 15 | B17: Male | C17: 5 | D17: 23 | E17: 12.1 | F17: 8.4 | G17: 3.72 | H17: 90 | I17: 3 | J17: 91.9 | L17: Exercise 5: Combine filters: Female + Year 4 + GPA > 3.5.
A18: 16 | B18: Female | C18: 6 | D18: 24 | E18: 14.9 | F18: 5.9 | G18: 3.49 | H18: 129 | I18: 5 | J18: 95.9 | L18: Exercise 6: Sort GPA from largest to smallest.
A19: 17 | B19: Female | C19: 1 | D19: 20 | E19: 7.4 | F19: 5 | G19: 4 | H19: 92 | I19: 3 | J19: 80 | L19: Exercise 7: Find the missing Study_Hours value.
A20: 18 | B20: Male | C20: 5 | D20: 23 | E20: 11.8 | F20: 5.2 | G20: 4.85 | H20: 114 | I20: 3 | J20: 90
A21: 19 | B21: Female | C21: 1 | D21: 19 | E21: 8.4 | F21: 6.9 | G21: 3.51 | H21: 128 | I21: 1 | J21: 79
A22: 20 | B22: Male | C22: 2 | D22: 22 | E22: 12.1 | F22: 5.9 | G22: 3.61 | H22: 110 | I22: 1 | J22: 97.2
A23: 21 | B23: Female | C23: 1 | D23: 19 | E23: 10.5 | F23: 6.5 | G23: 2.8 | H23: 96 | I23: 1 | J23: 75.2
A24: 22 | B24: Male | C24: 4 | D24: 22 | E24: 14 | F24: 7.8 | G24: 4.28 | H24: 148 | I24: 2 | J24: 78.6
A25: 23 | B25: Male | C25: 6 | D25: 24 | E25: 8.8 | F25: 7.7 | G25: 3.47 | H25: 120 | I25: 3 | J25: 89.9
A26: 24 | B26: Female | C26: 4 | D26: 23 | E26: 14.3 | F26: 6.9 | G26: 4.09 | H26: 105 | I26: 5 | J26: 86.9
A27: 25 | B27: Female | C27: 1 | D27: 19 | E27: 13.2 | F27: 9.5 | G27: 4.38 | H27: 106 | I27: 4 | J27: 73.5
A28: 26 | B28: Male | C28: 1 | D28: 20 | E28: 9.9 | F28: 7.5 | G28: 3.2 | H28: 110 | I28: 2 | J28: 74.9
A29: 27 | B29: Male | C29: 5 | D29: 24 | E29: 7.1 | F29: 6.6 | G29: 3.82 | H29: 128 | I29: 3 | J29: 86
A30: 28 | B30: Female | C30: 1 | D30: 20 | E30: 10.1 | F30: 7.7 | G30: 4.57 | H30: 119 | I30: 2 | J30: 75.2
A31: 29 | B31: Male | C31: 5 | D31: 24 | E31: 10.7 | F31: 8.9 | G31: 3.56 | H31: 128 | I31: 3 | J31: 87.9
... A52: 50 | B52: Male | C52: 5 | D52: 25 | E52: 14.1 | F52: 7 | G52: 4.01 | H52: 115 | I52: 1 | J52: 91.4

Sheet Descriptive
A1: Descriptive Statistics — Apply Chapter 3
A2: Variable | B2: Mean | C2: Median | D2: Mode | E2: Range | F2: Sample SD
A3: Age | B3: =AVERAGE(Clean_Data!D3:D52) -> 22.4 | C3: =MEDIAN(Clean_Data!D3:D52) -> 22.5 | D3: =IFERROR(_xludf.MODE.SNGL(Clean_Data!D3:D52),"No unique mode") -> No unique mode | E3: =MAX(Clean_Data!D3:D52)-MIN(Clean_Data!D3:D52) -> 6 | F3: =_xludf.STDEV.S(Clean_Data!D3:D52) -> #NAME? | H3: Position + Dispersion
A4: Study_Hours | B4: =AVERAGE(Clean_Data!E3:E52) -> 10.836735 | C4: =MEDIAN(Clean_Data!E3:E52) -> 10.5 | D4: =IFERROR(_xludf.MODE.SNGL(Clean_Data!E3:E52),"No unique mode") -> No unique mode | E4: =MAX(Clean_Data!E3:E52)-MIN(Clean_Data!E3:E52) -> 17.8 | F4: =_xludf.STDEV.S(Clean_Data!E3:E52) -> #NAME? | H4: Variable | I4: Q1 | J4: Q2 / Median | K4: Q3 | L4: IQR | M4: Sample Variance
A5: Sleep_Hours | B5: =AVERAGE(Clean_Data!F3:F52) -> 6.992 | C5: =MEDIAN(Clean_Data!F3:F52) -> 6.95 | D5: =IFERROR(_xludf.MODE.SNGL(Clean_Data!F3:F52),"No unique mode") -> No unique mode | E5: =MAX(Clean_Data!F3:F52)-MIN(Clean_Data!F3:F52) -> 4.5 | F5: =_xludf.STDEV.S(Clean_Data!F3:F52) -> #NAME? | H5: Age | I5: =_xludf.QUARTILE.INC(Clean_Data!D3:D52,1) -> #NAME? | J5: =_xludf.QUARTILE.INC(Clean_Data!D3:D52,2) -> #NAME? | K5: =_xludf.QUARTILE.INC(Clean_Data!D3:D52,3) -> #NAME? | L5: =K5-I5 -> #NAME? | M5: =_xludf.VAR.S(Clean_Data!D3:D52) -> #NAME?
A6: GPA | B6: =AVERAGE(Clean_Data!G3:G52) -> 3.8672 | C6: =MEDIAN(Clean_Data!G3:G52) -> 3.85 | D6: =IFERROR(_xludf.MODE.SNGL(Clean_Data!G3:G52),"No unique mode") -> No unique mode | E6: =MAX(Clean_Data!G3:G52)-MIN(Clean_Data!G3:G52) -> 2.51 | F6: =_xludf.STDEV.S(Clean_Data!G3:G52) -> #NAME? | H6: Study_Hours | I6: =_xludf.QUARTILE.INC(Clean_Data!E3:E52,1) -> #NAME? | J6: =_xludf.QUARTILE.INC(Clean_Data!E3:E52,2) -> #NAME? | K6: =_xludf.QUARTILE.INC(Clean_Data!E3:E52,3) -> #NAME? | L6: =K6-I6 -> #NAME? | M6: =_xludf.VAR.S(Clean_Data!E3:E52) -> #NAME?
A7: SBP | B7: =AVERAGE(Clean_Data!H3:H52) -> 116.66 | C7: =MEDIAN(Clean_Data!H3:H52) -> 116 | D7: =IFERROR(_xludf.MODE.SNGL(Clean_Data!H3:H52),"No unique mode") -> No unique mode | E7: =MAX(Clean_Data!H3:H52)-MIN(Clean_Data!H3:H52) -> 60 | F7: =_xludf.STDEV.S(Clean_Data!H3:H52) -> #NAME? | H7: Sleep_Hours | I7: =_xludf.QUARTILE.INC(Clean_Data!F3:F52,1) -> #NAME? | J7: =_xludf.QUARTILE.INC(Clean_Data!F3:F52,2) -> #NAME? | K7: =_xludf.QUARTILE.INC(Clean_Data!F3:F52,3) -> #NAME? | L7: =K7-I7 -> #NAME? | M7: =_xludf.VAR.S(Clean_Data!F3:F52) -> #NAME?
A8: Satisfaction | B8: =AVERAGE(Clean_Data!I3:I52) -> 3.36 | C8: =MEDIAN(Clean_Data!I3:I52) -> 3 | D8: =IFERROR(_xludf.MODE.SNGL(Clean_Data!I3:I52),"No unique mode") -> No unique mode | E8: =MAX(Clean_Data!I3:I52)-MIN(Clean_Data!I3:I52) -> 4 | F8: =_xludf.STDEV.S(Clean_Data!I3:I52) -> #NAME? | H8: GPA | I8: =_xludf.QUARTILE.INC(Clean_Data!G3:G52,1) -> #NAME? | J8: =_xludf.QUARTILE.INC(Clean_Data!G3:G52,2) -> #NAME? | K8: =_xludf.QUARTILE.INC(Clean_Data!G3:G52,3) -> #NAME? | L8: =K8-I8 -> #NAME? | M8: =_xludf.VAR.S(Clean_Data!G3:G52) -> #NAME?
A9: Attendance | B9: =AVERAGE(Clean_Data!J3:J52) -> 86.36 | C9: =MEDIAN(Clean_Data!J3:J52) -> 86.6 | D9: =IFERROR(_xludf.MODE.SNGL(Clean_Data!J3:J52),"No unique mode") -> No unique mode | E9: =MAX(Clean_Data!J3:J52)-MIN(Clean_Data!J3:J52) -> 28.5 | F9: =_xludf.STDEV.S(Clean_Data!J3:J52) -> #NAME? | H9: SBP | I9: =_xludf.QUARTILE.INC(Clean_Data!H3:H52,1) -> #NAME? | J9: =_xludf.QUARTILE.INC(Clean_Data!H3:H52,2) -> #NAME? | K9: =_xludf.QUARTILE.INC(Clean_Data!H3:H52,3) -> #NAME? | L9: =K9-I9 -> #NAME? | M9: =_xludf.VAR.S(Clean_Data!H3:H52) -> #NAME?
H10: Satisfaction | I10: =_xludf.QUARTILE.INC(Clean_Data!I3:I52,1) -> #NAME? | J10: =_xludf.QUARTILE.INC(Clean_Data!I3:I52,2) -> #NAME? | K10: =_xludf.QUARTILE.INC(Clean_Data!I3:I52,3) -> #NAME? | L10: =K10-I10 -> #NAME? | M10: =_xludf.VAR.S(Clean_Data!I3:I52) -> #NAME?
H11: Attendance | I11: =_xludf.QUARTILE.INC(Clean_Data!J3:J52,1) -> #NAME? | J11: =_xludf.QUARTILE.INC(Clean_Data!J3:J52,2) -> #NAME? | K11: =_xludf.QUARTILE.INC(Clean_Data!J3:J52,3) -> #NAME? | L11: =K11-I11 -> #NAME? | M11: =_xludf.VAR.S(Clean_Data!J3:J52) -> #NAME?
A12: Sample vs Population
A13: Variable | B13: Sample Variance | C13: Population Variance | D13: Sample SD | E13: Population SD
A14: Age | B14: =_xludf.VAR.S(Clean_Data!D3:D52) -> #NAME? | C14: =_xludf.VAR.P(Clean_Data!D3:D52) -> #NAME? | D14: =_xludf.STDEV.S(Clean_Data!D3:D52) -> #NAME? | E14: =_xludf.STDEV.P(Clean_Data!D3:D52) -> #NAME?
A15: Study_Hours | B15: =_xludf.VAR.S(Clean_Data!E3:E52) -> #NAME? | C15: =_xludf.VAR.P(Clean_Data!E3:E52) -> #NAME? | D15: =_xludf.STDEV.S(Clean_Data!E3:E52) -> #NAME? | E15: =_xludf.STDEV.P(Clean_Data!E3:E52) -> #NAME?
A16: GPA | B16: =_xludf.VAR.S(Clean_Data!G3:G52) -> #NAME? | C16: =_xludf.VAR.P(Clean_Data!G3:G52) -> #NAME? | D16: =_xludf.STDEV.S(Clean_Data!G3:G52) -> #NAME? | E16: =_xludf.STDEV.P(Clean_Data!G3:G52) -> #NAME?
A17: SBP | B17: =_xludf.VAR.S(Clean_Data!H3:H52) -> #NAME? | C17: =_xludf.VAR.P(Clean_Data!H3:H52) -> #NAME? | D17: =_xludf.STDEV.S(Clean_Data!H3:H52) -> #NAME? | E17: =_xludf.STDEV.P(Clean_Data!H3:H52) -> #NAME?
A18: Attendance | B18: =_xludf.VAR.S(Clean_Data!J3:J52) -> #NAME? | C18: =_xludf.VAR.P(Clean_Data!J3:J52) -> #NAME? | D18: =_xludf.STDEV.S(Clean_Data!J3:J52) -> #NAME? | E18: =_xludf.STDEV.P(Clean_Data!J3:J52) -> #NAME?

Sheet Frequency
A1: Frequency Tables — Categorical / Ordinal Variables
A3: Gender | E3: Academic Year
A4: Category | B4: Count | C4: Percent | E4: Year | F4: Count | G4: Percent
A5: Male | B5: =COUNTIF(Clean_Data!B3:B52,A5) -> 29 | C5: =B5/COUNTA(Clean_Data!B3:B52) -> 0.58 | E5: 1 | F5: =COUNTIF(Clean_Data!C3:C52,E5) -> 11 | G5: =F5/COUNTA(Clean_Data!C3:C52) -> 0.22
A6: Female | B6: =COUNTIF(Clean_Data!B3:B52,A6) -> 21 | C6: =B6/COUNTA(Clean_Data!B3:B52) -> 0.42 | E6: 2 | F6: =COUNTIF(Clean_Data!C3:C52,E6) -> 4 | G6: =F6/COUNTA(Clean_Data!C3:C52) -> 0.08
E7: 3 | F7: =COUNTIF(Clean_Data!C3:C52,E7) -> 9 | G7: =F7/COUNTA(Clean_Data!C3:C52) -> 0.18
E8: 4 | F8: =COUNTIF(Clean_Data!C3:C52,E8) -> 8 | G8: =F8/COUNTA(Clean_Data!C3:C52) -> 0.16
E9: 5 | F9: =COUNTIF(Clean_Data!C3:C52,E9) -> 8 | G9: =F9/COUNTA(Clean_Data!C3:C52) -> 0.16
A10: Satisfaction Score | E10: 6 | F10: =COUNTIF(Clean_Data!C3:C52,E10) -> 10 | G10: =F10/COUNTA(Clean_Data!C3:C52) -> 0.2
A11: Score | B11: Count | C11: Percent
A12: 1 | B12: =COUNTIF(Clean_Data!I3:I52,A12) -> 8 | C12: =B12/COUNTA(Clean_Data!I3:I52) -> 0.16
A13: 2 | B13: =COUNTIF(Clean_Data!I3:I52,A13) -> 6 | C13: =B13/COUNTA(Clean_Data!I3:I52) -> 0.12
A14: 3 | B14: =COUNTIF(Clean_Data!I3:I52,A14) -> 13 | C14: =B14/COUNTA(Clean_Data!I3:I52) -> 0.26
A15: 4 | B15: =COUNTIF(Clean_Data!I3:I52,A15) -> 6 | C15: =B15/COUNTA(Clean_Data!I3:I52) -> 0.12
A16: 5 | B16: =COUNTIF(Clean_Data!I3:I52,A16) -> 17 | C16: =B16/COUNTA(Clean_Data!I3:I52) -> 0.34

Sheet Charts
A1: Charts — Which Graph Should I Use?
A18: GPA distribution (grouped)
A19: GPA Range | B19: Count
A20: 2.0–2.49 | B20: =COUNTIFS(Clean_Data!G3:G52,">=2.0",Clean_Data!G3:G52,"<=2.49") -> 1
A21: 2.5–2.99 | B21: =COUNTIFS(Clean_Data!G3:G52,">=2.5",Clean_Data!G3:G52,"<=2.99") -> 4
A22: 3.0–3.49 | B22: =COUNTIFS(Clean_Data!G3:G52,">=3.0",Clean_Data!G3:G52,"<=3.49") -> 10
A23: 3.5–3.99 | B23: =COUNTIFS(Clean_Data!G3:G52,">=3.5",Clean_Data!G3:G52,"<=3.99") -> 13
A24: 4.0–4.49 | B24: =COUNTIFS(Clean_Data!G3:G52,">=4.0",Clean_Data!G3:G52,"<=4.49") -> 13
A25: 4.5–5.00 | B25: =COUNTIFS(Clean_Data!G3:G52,">=4.5",Clean_Data!G3:G52,"<=5.0") -> 9
A35: Graph selection guide
A36: Variable / Question | B36: Recommended graph | C36: Why
A37: One categorical variable | B37: Bar/Column chart | C37: Compare category counts easily
A38: Parts of a whole | B38: Pie chart | C38: Show proportions when categories are few
A39: One numeric variable | B39: Histogram | C39: Show distribution and shape
A40: Two numeric variables | B40: Scatter plot | C40: Explore relationship/association
A41: Before/after or ordered groups | B41: Column/Line (when appropriate) | C41: Compare values across an ordered sequence

Sheet Student_Task
A1: Student Practical — Complete Analysis
A3: Task
A4: 1. Open Raw_Data and identify each variable using Data_Dictionary.
A5: 2. Convert/confirm the data are in a table and use filter arrows.
A6: 3. Find the missing Study_Hours observation.
A7: 4. Filter the data to Year 4 only and observe what changes.
A8: 5. Calculate Mean, Median, Mode, Range and SD for GPA.
A9: 6. Calculate Q1, Q2, Q3 and IQR for GPA.
A10: 7. Build a frequency table for Gender and Satisfaction.
A11: 8. Create a bar chart for Gender and a histogram-style chart for GPA.
A12: 9. Create a scatter plot of Study_Hours vs GPA.
A13: 10. Write 3–5 sentences interpreting the results.
... A23: • What does the scatter plot suggest visually? Avoid claiming causation.

Sheet Formula_CheatSheet
A1: Excel Formula Cheat Sheet
A2: Purpose | B2: Excel Formula | C2: Meaning | D2: Chapter 3 concept
A3: Mean | B3: =AVERAGE(range) -> #NAME? | C3: Average of numeric values | D3: Mean
A4: Median | B4: =MEDIAN(range) -> #NAME? | C4: Middle value | D4: Median
A5: Mode | B5: =_xludf.MODE.SNGL(range) -> #NAME? | C5: Most frequent value | D5: Mode
A6: Minimum | B6: =MIN(range) -> #NAME? | C6: Smallest value | D6: Range
A7: Maximum | B7: =MAX(range) -> #NAME? | C7: Largest value | D7: Range
A8: Range | B8: =MAX(range)-MIN(range) -> #NAME? | C8: Max minus Min | D8: Range
A9: Q1 | B9: =_xludf.QUARTILE.INC(range,1) -> #NAME? | C9: 25th percentile | D9: Quartile 1
A10: Q2 | B10: =_xludf.QUARTILE.INC(range,2) -> #NAME? | C10: 50th percentile | D10: Median / Q2
A11: Q3 | B11: =_xludf.QUARTILE.INC(range,3) -> #NAME? | C11: 75th percentile | D11: Quartile 3
A12: IQR | B12: =_xludf.QUARTILE.INC(range,3)-_xludf.QUARTILE.INC(range,1) -> #NAME? | C12: Q3 minus Q1 | D12: IQR
A13: Sample Variance | B13: =_xludf.VAR.S(range) -> #NAME? | C13: Variance using n-1 | D13: Sample variance
A14: Population Variance | B14: =_xludf.VAR.P(range) -> #NAME? | C14: Variance using N | D14: Population variance
A15: Sample SD | B15: =_xludf.STDEV.S(range) -> #NAME? | C15: Sample standard deviation | D15: Sample SD
A16: Population SD | B16: =_xludf.STDEV.P(range) -> #NAME? | C16: Population standard deviation | D16: Population SD
A17: Count | B17: =COUNT(range) -> 0 | C17: Count numeric cells | D17: Data checking
A18: Count category | B18: =COUNTIF(range,criteria) -> #NAME? | C18: Count matching a category | D18: Frequency
A19: Average with condition | B19: =AVERAGEIF(range,criteria,average_range) -> #NAME? | C19: Mean for a subgroup | D19: Filtered/subgroup analysis
